residue,residue_ID,name,anomer,absolute,ring,parent_id,site,shape,color,pubChem,comment
N-glycan_a-D-GalpNAc_116,N116,GalNAc,a,D,p,N44,3,square,#FFD400,GalNAc
N-glycan_b-D-GalpNAc_29,N29,GalNAc,b,D,p,N2,4,square,#FFD400,GalNAc
N-glycan_a-D-Galp_39,N39,Gal,a,D,p,N8,3,circle,#FFD400,Gal
N-glycan_a-D-KDN_121,N121,KDN,a,D,,N3,3,diamond,#00A651,Kdn
N-glycan_b-D-GalpNAc_109,N109,GalNAc,b,D,p,N10,4,square,#FFD400,GalNAc
N-glycan_b-D-Galp_68,N68,Gal,b,D,p,N67,4,circle,#FFD400,Gal
N-glycan_a-D-Neup5Ac_61,N61,Neu5Ac,a,D,p,N60,3,diamond,#A54399,Neu5Ac
N-glycan_a-D-Neup5Gc_57,N57,Neu5Gc,a,D,p,N10,3,diamond,#8FCCE9,Neu5Gc
N-glycan_a-D-Neup5Ac_70,N70,Neu5Ac,a,D,p,N30,6,diamond,#A54399,Neu5Ac
N-glycan_a-D-KDN_133,N133,KDN,a,D,,N60,3,diamond,#00A651,Kdn
N-glycan_a-L-Fucp_53,N53,Fuc,a,L,p,N3,2,triangle,#ED1C24,Fuc
N-glycan_b-D-Galp_78,N78,Gal,b,D,p,N9,3,circle,#FFD400,Gal
N-glycan_a-L-Fucp_118,N118,Fuc,a,L,p,N2,4,triangle,#ED1C24,Fuc
N-glycan_a-D-Neup5Ac_13,N13,Neu5Ac,a,D,p,N6,6,diamond,#A54399,Neu5Ac
N-glycan_a-D-KDN_136,N136,KDN,a,D,,N44,3,diamond,#00A651,Kdn
N-glycan_a-L-Fucp_42,N42,Fuc,a,L,p,N5,3,triangle,#ED1C24,Fuc
N-glycan_a-D-GalpNAc_104,N104,GalNAc,a,D,p,N6,3,square,#FFD400,GalNAc
N-glycan_b-D-Galp_66,N66,Gal,b,D,p,N65,4,circle,#FFD400,Gal
N-glycan_b-D-GlcpNAc_67,N67,GlcNAc,b,D,p,N66,3,square,#0090BC,GlcNAc
N-glycan_b-D-GlcpNAc_112,N112,GlcNAc,b,D,p,N111,3,square,#0090BC,GlcNAc
N-glycan_a-D-Manp_23,N23,Man,a,D,p,N20,2,circle,#00A651,Man
N-glycan_a-D-KDN_145,N145,KDN,a,D,,N78,3,diamond,#00A651,Kdn
N-glycan_a-L-Fucp_81,N81,Fuc,a,L,p,N28,2,triangle,#ED1C24,Fuc
N-glycan_a-D-Neup5Ac_35,N35,Neu5Ac,a,D,p,N10,6,diamond,#A54399,Neu5Ac
N-glycan_a-D-Neup5Gc_48,N48,Neu5Gc,a,D,p,N8,6,diamond,#8FCCE9,Neu5Gc
N-glycan_a-D-Galp_83,N83,Gal,a,D,p,N60,3,circle,#FFD400,Gal
N-glycan_b-D-GlcpNAc_7,N7,GlcNAc,b,D,p,N1,4,square,#0090BC,GlcNAc
N-glycan_a-D-KDN_127,N127,KDN,a,D,,N10,6,diamond,#00A651,Kdn
N-glycan_a-D-Neup5Gc_140,N140,Neu5Gc,a,D,p,N86,3,diamond,#8FCCE9,Neu5Gc
N-glycan_a-D-Neup5Ac_58,N58,Neu5Ac,a,D,p,N37,3,diamond,#A54399,Neu5Ac
N-glycan_a-D-Manp_24,N24,Man,a,D,p,N19,2,circle,#00A651,Man
N-glycan_core_b-D-GlcpNAc_A,NA,GlcNAc,b,D,p,no_id,0,square,#0090BC,GlcNAc
N-glycan_a-D-Neup5Ac_101,N101,Neu5Ac,a,D,p,N86,3,diamond,#A54399,Neu5Ac
N-glycan_a-D-Neup5Ac_64,N64,Neu5Ac,a,D,p,N63,3,diamond,#A54399,Neu5Ac
N-glycan_a-D-KDN_120,N120,KDN,a,D,,N3,6,diamond,#00A651,Kdn
N-glycan_a-D-Neup5Ac_73,N73,Neu5Ac,a,D,p,N44,3,diamond,#A54399,Neu5Ac
N-glycan_a-L-Fucp_41,N41,Fuc,a,L,p,N2,3,triangle,#ED1C24,Fuc
N-glycan_a-D-Galp_51,N51,Gal,a,D,p,N10,3,circle,#FFD400,Gal
N-glycan_b-D-GalpNAc_72,N72,GalNAc,b,D,p,N7,4,square,#FFD400,GalNAc
N-glycan_b-D-GalpNAc_74,N74,GalNAc,b,D,p,N9,4,square,#FFD400,GalNAc
N-glycan_b-D-GlcpNAc_65,N65,GlcNAc,b,D,p,N60,3,square,#0090BC,GlcNAc
N-glycan_b-D-Galp_10,N10,Gal,b,D,p,N9,4,circle,#FFD400,Gal
N-glycan_b-D-Galp_113,N113,Gal,b,D,p,N112,4,circle,#FFD400,Gal
N-glycan_b-D-Galp_3,N3,Gal,b,D,p,N2,4,circle,#FFD400,Gal
N-glycan_b-D-GalpNAc_30,N30,GalNAc,b,D,p,N5,4,square,#FFD400,GalNAc
N-glycan_b-D-GlcpNAc_84,N84,GlcNAc,b,D,p,N78,3,square,#0090BC,GlcNAc
N-glycan_a-D-Neup5Ac_38,N38,Neu5Ac,a,D,p,N10,3,diamond,#A54399,Neu5Ac
N-glycan_a-D-Neup5Gc_144,N144,Neu5Gc,a,D,p,N78,3,diamond,#8FCCE9,Neu5Gc
N-glycan_a-D-KDN_124,N124,KDN,a,D,,N74,6,diamond,#00A651,Kdn
N-glycan_a-D-KDN_125,N125,KDN,a,D,,N10,3,diamond,#00A651,Kdn
N-glycan_core_b-D-Manp,NC,Man,b,D,p,NB,4,circle,#00A651,Man
N-glycan_a-L-Fucp_15,N15,Fuc,a,L,p,NA,6,triangle,#ED1C24,Fuc
N-glycan_a-D-Neup5Ac_34,N34,Neu5Ac,a,D,p,N8,3,diamond,#A54399,Neu5Ac
N-glycan_b-D-GlcpNAc_75,N75,GlcNAc,b,D,p,N8,3,square,#0090BC,GlcNAc
N-glycan_b-D-GalpNAc_107,N107,GalNAc,b,D,p,N3,4,square,#FFD400,GalNAc
N-glycan_b-D-GlcpNAc_87,N87,GlcNAc,b,D,p,N1,3,square,#0090BC,GlcNAc
N-glycan_a-D-Neup5Gc_126,N126,Neu5Gc,a,D,p,N10,6,diamond,#8FCCE9,Neu5Gc
N-glycan_a-L-Fucp_102,N102,Fuc,a,L,p,N44,2,triangle,#ED1C24,Fuc
N-glycan_a-D-Neup5Gc_128,N128,Neu5Gc,a,D,p,N29,6,diamond,#8FCCE9,Neu5Gc
N-glycan_b-D-Galp_88,N88,Gal,b,D,p,N87,4,circle,#FFD400,Gal
N-glycan_b-D-Galp_80,N80,Gal,b,D,p,N75,4,circle,#FFD400,Gal
N-glycan_b-D-Galp_6,N6,Gal,b,D,p,N5,4,circle,#FFD400,Gal
N-glycan_a-D-Neup5Ac_46,N46,Neu5Ac,a,D,p,N32,3,diamond,#A54399,Neu5Ac
N-glycan_a-D-GlcpNAc_A,NA0,GlcNAc,a,D,p,no_id,0,square,#0090BC,GlcNAc
N-glycan_b-D-Galp_37,N37,Gal,b,D,p,N36,4,circle,#FFD400,Gal
N-glycan_a-L-Fucp_119,N119,Fuc,a,L,p,N5,4,triangle,#ED1C24,Fuc
N-glycan_a-D-Neup5Gc_55,N55,Neu5Gc,a,D,p,N6,3,diamond,#8FCCE9,Neu5Gc
N-glycan_b-D-Galp_151,N151,Gal,b,D,p,N150,4,circle,#FFD400,Gal
N-glycan_b-D-GlcpNAc_59,N59,GlcNAc,b,D,p,N6,3,square,#0090BC,GlcNAc
N-glycan_a-D-Neup5Ac_100,N100,Neu5Ac,a,D,p,N63,6,diamond,#A54399,Neu5Ac
N-glycan_b-D-GalpNAc_108,N108,GalNAc,b,D,p,N6,4,square,#FFD400,GalNAc
N-glycan_b-D-GalpNAc_82,N82,GalNAc,b,D,p,N8,4,square,#FFD400,GalNAc
N-glycan_a-D-KDN_131,N131,KDN,a,D,,N8,6,diamond,#00A651,Kdn
N-glycan_b-D-GlcpNAc_5,N5,GlcNAc,b,D,p,N4,2,square,#0090BC,GlcNAc
N-glycan_a-D-Neup5Gc_132,N132,Neu5Gc,a,D,p,N60,3,diamond,#8FCCE9,Neu5Gc
N-glycan_a-D-Neup5Ac_14,N14,Neu5Ac,a,D,p,N8,6,diamond,#A54399,Neu5Ac
N-glycan_a-D-Manp_22,N22,Man,a,D,p,N21,2,circle,#00A651,Man
N-glycan_a-D-Neup5Ac_96,N96,Neu5Ac,a,D,p,N74,6,diamond,#A54399,Neu5Ac
N-glycan_b-D-Galp_44,N44,Gal,b,D,p,N2,3,circle,#FFD400,Gal
N-glycan_a-D-Neup5Gc_142,N142,Neu5Gc,a,D,p,N63,6,diamond,#8FCCE9,Neu5Gc
N-glycan_a-D-Neup5Ac_69,N69,Neu5Ac,a,D,p,N29,6,diamond,#A54399,Neu5Ac
N-glycan_b-D-GlcpNAc_11,N11,GlcNAc,b,D,p,NC,4,square,#0090BC,GlcNAc
N-glycan_b-D-Galp_111,N111,Gal,b,D,p,N110,4,circle,#FFD400,Gal
N-glycan_a-D-Galp_114,N114,Gal,a,D,p,N44,3,circle,#FFD400,Gal
N-glycan_a-L-Fucp_71,N71,Fuc,a,L,p,N8,2,triangle,#ED1C24,Fuc
N-glycan_a-D-Neup5Gc_56,N56,Neu5Gc,a,D,p,N3,3,diamond,#8FCCE9,Neu5Gc
N-glycan_b-D-Galp_63,N63,Gal,b,D,p,N62,4,circle,#FFD400,Gal
N-glycan_a-D-Manp_21,N21,Man,a,D,p,N1,2,circle,#00A651,Man
N-glycan_b-D-Galp_85,N85,Gal,b,D,p,N84,4,circle,#FFD400,Gal
N-glycan_b-D-GlcpNAc_110,N110,GlcNAc,b,D,p,N68,3,square,#0090BC,GlcNAc
N-glycan_a-D-Manp_19,N19,Man,a,D,p,N4,3,circle,#00A651,Man
N-glycan_a-D-Neup5Ac_106,N106,Neu5Ac,a,D,p,N80,3,diamond,#A54399,Neu5Ac
N-glycan_a-D-Galp_52,N52,Gal,a,D,p,N3,3,circle,#FFD400,Gal
N-glycan_a-D-Neup5Ac_17,N17,Neu5Ac,a,D,p,N3,3,diamond,#A54399,Neu5Ac
N-glycan_a-D-Glcp_26,N26,Glc,a,D,p,N25,3,circle,#0090BC,Glc
N-glycan_a-D-Glcp_27,N27,Glc,a,D,p,N26,2,circle,#0090BC,Glc
N-glycan_b-D-GlcpNAc_2,N2,GlcNAc,b,D,p,N1,2,square,#0090BC,GlcNAc
N-glycan_a-L-Fucp_18,N18,Fuc,a,L,p,N7,3,triangle,#ED1C24,Fuc
N-glycan_a-D-Manp_1,N1,Man,a,D,p,NC,3,circle,#00A651,Man
N-glycan_a-D-Neup5Ac_33,N33,Neu5Ac,a,D,p,N28,3,diamond,#A54399,Neu5Ac
N-glycan_b-D-GlcpNAc_76,N76,GlcNAc,b,D,p,N63,3,square,#0090BC,GlcNAc
N-glycan_b-D-GlcpNAc_31,N31,GlcNAc,b,D,p,N4,4,square,#0090BC,GlcNAc
N-glycan_b-D-Galp_32,N32,Gal,b,D,p,N31,4,circle,#FFD400,Gal
N-glycan_a-D-Neup5Gc_135,N135,Neu5Gc,a,D,p,N44,3,diamond,#8FCCE9,Neu5Gc
N-glycan_a-D-Glcp_25,N25,Glc,a,D,p,N22,3,circle,#0090BC,Glc
N-glycan_b-D-GlcpNAc_150,N150,GlcNAc,b,D,p,N10,2,square,#0090BC,GlcNAc
N-glycan_a-D-KDN_141,N141,KDN,a,D,,N86,3,diamond,#00A651,Kdn
N-glycan_b-D-GlcpNAc_62,N62,GlcNAc,b,D,p,N3,3,square,#0090BC,GlcNAc
N-glycan_a-L-Fucp_98,N98,Fuc,a,L,p,N62,3,triangle,#ED1C24,Fuc
N-glycan_b-D-Galp_45,N45,Gal,b,D,p,N6,3,circle,#FFD400,Gal
N-glycan_b-D-GlcpNAc_9,N9,GlcNAc,b,D,p,N4,6,square,#0090BC,GlcNAc
N-glycan_a-D-Neup5Gc_130,N130,Neu5Gc,a,D,p,N8,3,diamond,#8FCCE9,Neu5Gc
N-glycan_a-D-Manp_4,N4,Man,a,D,p,NC,6,circle,#00A651,Man
N-glycan_b-D-Galp_60,N60,Gal,b,D,p,N59,4,circle,#FFD400,Gal
N-glycan_a-D-Neup5Ac_16,N16,Neu5Ac,a,D,p,N6,3,diamond,#A54399,Neu5Ac
N-glycan_a-D-Neup5Ac_105,N105,Neu5Ac,a,D,p,N78,3,diamond,#A54399,Neu5Ac
N-glycan_a-D-Galp_115,N115,Gal,a,D,p,N86,3,circle,#FFD400,Gal
N-glycan_a-L-Fucp_54,N54,Fuc,a,L,p,N6,2,triangle,#ED1C24,Fuc
N-glycan_a-D-Galp_50,N50,Gal,a,D,p,N6,3,circle,#FFD400,Gal
N-glycan_a-D-Neup5Gc_137,N137,Neu5Gc,a,D,p,N37,3,diamond,#8FCCE9,Neu5Gc
N-glycan_a-D-KDN_139,N139,KDN,a,D,,N8,3,diamond,#00A651,Kdn
N-glycan_b-D-GlcpNAc_36,N36,GlcNAc,b,D,p,N10,3,square,#0090BC,GlcNAc
N-glycan_a-D-KDN_122,N122,KDN,a,D,,N6,3,diamond,#00A651,Kdn
N-glycan_a-D-KDN_138,N138,KDN,a,D,,N37,3,diamond,#00A651,Kdn
N-glycan_b-D-Galp_77,N77,Gal,b,D,p,N76,4,circle,#FFD400,Gal
N-glycan_a-D-Neup5Gc_49,N49,Neu5Gc,a,D,p,N6,6,diamond,#8FCCE9,Neu5Gc
N-glycan_a-D-Neup5Gc_47,N47,Neu5Gc,a,D,p,N3,6,diamond,#8FCCE9,Neu5Gc
N-glycan_a-D-Neup5Gc_123,N123,Neu5Gc,a,D,p,N74,6,diamond,#8FCCE9,Neu5Gc
N-glycan_a-D-Manp_20,N20,Man,a,D,p,N4,6,circle,#00A651,Man
N-glycan_a-L-Fucp_99,N99,Fuc,a,L,p,N59,3,triangle,#ED1C24,Fuc
N-glycan_a-D-KDN_147,N147,KDN,a,D,,N30,6,diamond,#00A651,Kdn
N-glycan_b-D-Galp_28,N28,Gal,b,D,p,N7,3,circle,#FFD400,Gal
N-glycan_b-D-Galp_86,N86,Gal,b,D,p,N5,3,circle,#FFD400,Gal
N-glycan_a-D-Neup5Gc_146,N146,Neu5Gc,a,D,p,N30,6,diamond,#8FCCE9,Neu5Gc
N-glycan_a-D-GalpNAc_97,N97,GalNAc,a,D,p,N3,3,square,#FFD400,GalNAc
N-glycan_core_b-D-GlcpNAc_B,NB,GlcNAc,b,D,p,NA,4,square,#0090BC,GlcNAc
N-glycan_a-D-KDN_129,N129,KDN,a,D,,N29,6,diamond,#00A651,Kdn
N-glycan_a-L-Fucp_103,N103,Fuc,a,L,p,N86,2,triangle,#ED1C24,Fuc
N-glycan_a-D-KDN_143,N143,KDN,a,D,,N63,6,diamond,#00A651,Kdn
N-glycan_a-L-Fucp_43,N43,Fuc,a,L,p,N9,3,triangle,#ED1C24,Fuc
N-glycan_a-D-Neup5Ac_12,N12,Neu5Ac,a,D,p,N3,6,diamond,#A54399,Neu5Ac
N-glycan_a-D-GalpNAc_117,N117,GalNAc,a,D,p,N86,3,square,#FFD400,GalNAc
N-glycan_a-D-KDN_134,N134,KDN,a,D,,N6,6,diamond,#00A651,Kdn
N-glycan_a-L-Fucp_40,N40,Fuc,a,L,p,NA,3,triangle,#ED1C24,Fuc
N-glycan_b-D-Galp_8,N8,Gal,b,D,p,N7,4,circle,#FFD400,Gal
N-glycan_a-D-Neu5Acp_E1,NE1,Neu5Ac,a,D,p,N2,6,diamond,#A54399,Neu5Ac
N-glycan_a-D-Manp_E2,NE2,Man,a,D,p,N1,6,circle,#00A651,Man
N-glycan_b-D-Glcp_E3,NE3,Glc,b,D,p,N22,3,circle,#0090BC,Glc
N-glycan_b-D-Xylp_E4,NE4,Xyl,b,D,p,NC,2,star,#F47920,Xyl
N-glycan_a-D-Manp_E5,NE5,Man,a,D,p,N22,2,circle,#00A651,Man
N-glycan_a-D-Neu5Acp_E6,NE6,Neu5Ac,a,D,p,N32,6,diamond,#A54399,Neu5Ac
N-glycan_a-D-Manp_E7,NE7,Man,a,D,p,N22,6,circle,#00A651,Man
N-glycan_a-D-Galp_E8,NE8,Gal,a,D,p,N2,4,circle,#FFD400,Gal
N-glycan_b-D-GlcNAcp_E9,NE9,GlcNAc,b,D,p,N2,4,square,#0090BC,GlcNAc
N-glycan_a-D-Neu5Acp_E10,NE10,Neu5Ac,a,D,p,N7,6,diamond,#A54399,Neu5Ac
N-glycan_a-D-Neu5Acp_E11,NE11,Neu5Ac,a,D,p,N2,3,diamond,#A54399,Neu5Ac
N-glycan_b-D-GlcNAcp_E12,NE12,GlcNAc,b,D,p,N5,4,square,#0090BC,GlcNAc
N-glycan_a-D-Neu5Acp_E13,NE13,Neu5Ac,a,D,p,N8,2,diamond,#A54399,Neu5Ac
N-glycan_a-D-Galp_E14,NE14,Gal,a,D,p,N8,4,circle,#FFD400,Gal
N-glycan_b-D-Galf_E15,NE15,Gal,b,D,f,N4,2,circle,#FFD400,Gal
N-glycan_b-D-Manp_E16,NE16,Man,b,D,p,NC,3,circle,#00A651,Man
N-glycan_a-D-Neu5Acp_E17,NE17,Neu5Ac,a,D,p,NE8,6,diamond,#A54399,Neu5Ac
N-glycan_b-D-Galp_E18,NE18,Gal,b,D,p,N3,3,circle,#FFD400,Gal
N-glycan_a-L-Fucp_E19,NE19,Fuc,a,L,p,N10,2,triangle,#ED1C24,Fuc
N-glycan_a-L-Fucp_E20,NE20,Fuc,a,L,p,N75,3,triangle,#ED1C24,Fuc
N-glycan_a-L-Fucp_E21,NE21,Fuc,a,L,p,N6,6,triangle,#ED1C24,Fuc
N-glycan_b-D-Manp_E22,NE22,Man,b,D,p,N21,2,circle,#00A651,Man
N-glycan_a-D-Manp_E23,NE23,Man,a,D,p,NE2,2,circle,#00A651,Man
N-glycan_a-D-Neu5Acp_E24,NE24,Neu5Ac,a,D,p,N29,3,diamond,#A54399,Neu5Ac
N-glycan_a-D-Neu5Acp_E25,NE25,Neu5Ac,a,D,p,N86,6,diamond,#A54399,Neu5Ac
N-glycan_a-D-Manp_E26,NE26,Man,a,D,p,N1,3,circle,#00A651,Man
N-glycan_a-D-Manp_E27,NE27,Man,a,D,p,N4,2,circle,#00A651,Man
N-glycan_a-D-Manp_E28,NE28,Man,a,D,p,N20,6,circle,#00A651,Man
N-glycan_b-D-Galp_E29,NE29,Gal,b,D,p,N31,3,circle,#FFD400,Gal
N-glycan_b-L-Fucp_E30,NE30,Fuc,b,L,p,NA,6,triangle,#ED1C24,Fuc
N-glycan_a-D-Manp_E31,NE31,Man,a,D,p,N23,2,circle,#00A651,Man
N-glycan_a-D-Glcp_E32,NE32,Glc,a,D,p,N22,2,circle,#0090BC,Glc
N-glycan_a-D-Manp_E33,NE33,Man,a,D,p,N23,3,circle,#00A651,Man
N-glycan_a-D-Manp_E34,NE34,Man,a,D,p,N22,3,circle,#00A651,Man
N-glycan_b-D-Manp_E35,NE35,Man,b,D,p,NC,6,circle,#00A651,Man
N-glycan_a-D-Neu5Acp_E36,NE36,Neu5Ac,a,D,p,N66,3,diamond,#A54399,Neu5Ac
N-glycan_b-D-Galp_E37,NE37,Gal,b,D,p,N32,3,circle,#FFD400,Gal
N-glycan_a-D-Galp_E38,NE38,Gal,a,D,p,N5,4,circle,#FFD400,Gal
N-glycan_a-D-Xylp_E39,NE39,Xyl,a,D,p,NC,2,star,#F47920,Xyl
N-glycan_a-D-Manp_E40,NE40,Man,a,D,p,NA,6,circle,#00A651,Man
N-glycan_b-D-GlcNAcp_E41,NE41,GlcNAc,b,D,p,NE16,2,square,#0090BC,GlcNAc
N-glycan_a-L-Fucp_E42,NE42,Fuc,a,L,p,N31,3,triangle,#ED1C24,Fuc
N-glycan_b-D-Xylf_E43,NE43,Xyl,b,D,f,NC,2,star,#F47920,Xyl
N-glycan_b-D-Manp_E44,NE44,Man,b,D,p,N4,3,circle,#00A651,Man
N-glycan_a-D-Manp_E45,NE45,Man,a,D,p,NE5,3,circle,#00A651,Man
N-glycan_a-D-Manp_E46,NE46,Man,a,D,p,N24,2,circle,#00A651,Man
N-glycan_b-D-Manp_E47,NE47,Man,b,D,p,N1,2,circle,#00A651,Man
N-glycan_a-D-Manp_E48,NE48,Man,a,D,p,NE27,6,circle,#00A651,Man
N-glycan_a-D-Xylf_E49,NE49,Xyl,a,D,f,NC,2,star,#F47920,Xyl
N-glycan_a-D-Manp_E50,NE50,Man,a,D,p,NE46,2,circle,#00A651,Man
N-glycan_a-D-Manp_E51,NE51,Man,a,D,p,NE16,6,circle,#00A651,Man
N-glycan_b-D-Manp_E52,NE52,Man,b,D,p,N4,4,circle,#00A651,Man
N-glycan_a-D-Neu5Gcp_E53,NE53,Neu5Gc,a,D,p,N2,6,diamond,#8FCCE9,Neu5Gc
N-glycan_a-D-Neu5Acp_E54,NE54,Neu5Ac,a,D,p,N86,4,diamond,#A54399,Neu5Ac
N-glycan_a-D-Neu5Acp_E55,NE55,Neu5Ac,a,D,p,N5,6,diamond,#A54399,Neu5Ac
N-glycan_a-D-Neu5Acp_E56,NE56,Neu5Ac,a,D,p,N44,4,diamond,#A54399,Neu5Ac
N-glycan_a-D-Neu5Acp_E57,NE57,Neu5Ac,a,D,p,N72,6,diamond,#A54399,Neu5Ac
N-glycan_b-D-Galp_E58,NE58,Gal,b,D,p,N15,4,circle,#FFD400,Gal
N-glycan_a-D-Neu5Acp_E59,NE59,Neu5Ac,a,D,p,N3,4,diamond,#A54399,Neu5Ac
N-glycan_a-D-Manp_E60,NE60,Man,a,D,p,NE27,2,circle,#00A651,Man
N-glycan_a-D-Manp_E61,NE61,Man,a,D,p,NE23,3,circle,#00A651,Man
N-glycan_b-D-Glcp_E62,NE62,Glc,b,D,p,N2,4,circle,#0090BC,Glc
N-glycan_a-D-Glcp_E63,NE63,Glc,a,D,p,N1,3,circle,#0090BC,Glc
N-glycan_b-D-Galp_E64,NE64,Gal,b,D,p,N11,4,circle,#FFD400,Gal
N-glycan_a-D-Manp_E65,NE65,Man,a,D,p,NE5,2,circle,#00A651,Man
N-glycan_a-D-Manp_E66,NE66,Man,a,D,p,N20,3,circle,#00A651,Man
N-glycan_a-D-Manp_E67,NE67,Man,a,D,p,N19,3,circle,#00A651,Man
N-glycan_b-D-GlcNAcp_E68,NE68,GlcNAc,b,D,p,N4,3,square,#0090BC,GlcNAc
N-glycan_a-L-Fucp_E69,NE69,Fuc,a,L,p,NC,3,triangle,#ED1C24,Fuc
N-glycan_b-D-Manp_E70,NE70,Man,b,D,p,N4,6,circle,#00A651,Man
N-glycan_a-D-Manp_E71,NE71,Man,a,D,p,NE2,6,circle,#00A651,Man
N-glycan_a-D-Manp_E72,NE72,Man,a,D,p,N4,4,circle,#00A651,Man
N-glycan_a-D-Manp_E73,NE73,Man,a,D,p,NE35,3,circle,#00A651,Man
N-glycan_a-D-Neu5Gcp_E74,NE74,Neu5Gc,a,D,p,N5,6,diamond,#8FCCE9,Neu5Gc
N-glycan_b-D-Galp_E75,NE75,Gal,b,D,p,N6,4,circle,#FFD400,Gal
N-glycan_a-D-Manp_E76,NE76,Man,a,D,p,NC,2,circle,#00A651,Man
N-glycan_a-D-Neu5Acp_E77,NE77,Neu5Ac,a,D,p,N60,6,diamond,#A54399,Neu5Ac
N-glycan_a-D-Neu5Acp_E78,NE78,Neu5Ac,a,D,p,NE38,6,diamond,#A54399,Neu5Ac
N-glycan_b-D-Galp_E79,NE79,Gal,b,D,p,N4,4,circle,#FFD400,Gal
N-glycan_a-L-Fucp_E80,NE80,Fuc,a,L,p,N4,3,triangle,#ED1C24,Fuc
N-glycan_a-L-Fucp_E81,NE81,Fuc,a,L,p,N1,3,triangle,#ED1C24,Fuc
N-glycan_b-D-Galp_E82,NE82,Gal,b,D,p,N1,4,circle,#FFD400,Gal
N-glycan_b-D-Manp_E83,NE83,Man,b,D,p,NC,4,circle,#00A651,Man
N-glycan_a-D-Glcp_E84,NE84,Glc,a,D,p,N26,3,circle,#0090BC,Glc
N-glycan_a-D-GlcNAcp_E85,NE85,GlcNAc,a,D,p,N1,2,square,#0090BC,GlcNAc
N-glycan_a-D-Neu5Acp_E86,NE86,Neu5Ac,a,D,p,N30,3,diamond,#A54399,Neu5Ac
N-glycan_b-D-GlcNAcp_E87,NE87,GlcNAc,b,D,p,N1,6,square,#0090BC,GlcNAc
N-glycan_b-D-Galp_E88,NE88,Gal,b,D,p,NE68,4,circle,#FFD400,Gal
N-glycan_a-D-Manp_E89,NE89,Man,a,D,p,NE26,2,circle,#00A651,Man
N-glycan_a-D-Galp_E90,NE90,Gal,a,D,p,N6,4,circle,#FFD400,Gal
N-glycan_a-L-Fucp_E91,NE91,Fuc,a,L,p,N22,2,triangle,#ED1C24,Fuc
N-glycan_b-D-Glcp_E92,NE92,Glc,b,D,p,N5,4,circle,#0090BC,Glc
N-glycan_b-D-Galp_E93,NE93,Gal,b,D,p,NE87,4,circle,#FFD400,Gal
N-glycan_a-D-Manp_E94,NE94,Man,a,D,p,NE28,2,circle,#00A651,Man
N-glycan_a-D-Neu5Acp_E95,NE95,Neu5Ac,a,D,p,NE93,6,diamond,#A54399,Neu5Ac
N-glycan_a-D-Glcp_E96,NE96,Glc,a,D,p,N21,3,circle,#0090BC,Glc
N-glycan_b-D-Galp_E97,NE97,Gal,b,D,p,NC,6,circle,#FFD400,Gal
N-glycan_a-D-Neu5Acp_E98,NE98,Neu5Ac,a,D,p,N88,6,diamond,#A54399,Neu5Ac
N-glycan_a-D-Neu5Acp_E99,NE99,Neu5Ac,a,D,p,N8,4,diamond,#A54399,Neu5Ac
N-glycan_a-D-Neu5Acp_E100,NE100,Neu5Ac,a,D,p,NE93,3,diamond,#A54399,Neu5Ac
N-glycan_b-D-Manp_E101,NE101,Man,b,D,p,NE35,6,circle,#00A651,Man
N-glycan_a-D-Neu5Acp_E102,NE102,Neu5Ac,a,D,p,NE64,3,diamond,#A54399,Neu5Ac
N-glycan_b-D-Galp_E103,NE103,Gal,b,D,p,NE85,4,circle,#FFD400,Gal
N-glycan_a-D-Manp_E104,NE104,Man,a,D,p,NE71,2,circle,#00A651,Man
N-glycan_b-D-Manp_E105,NE105,Man,b,D,p,NE16,4,circle,#00A651,Man
N-glycan_b-D-Manp_E106,NE106,Man,b,D,p,NE16,6,circle,#00A651,Man
N-glycan_a-L-Fucp_E107,NE107,Fuc,a,L,p,NE87,3,triangle,#ED1C24,Fuc
N-glycan_a-D-Galf_E108,NE108,Gal,a,D,f,N19,2,circle,#FFD400,Gal
N-glycan_a-D-Galp_E109,NE109,Gal,a,D,p,N31,4,circle,#FFD400,Gal
N-glycan_a-D-Manp_E110,NE110,Man,a,D,p,NC,4,circle,#00A651,Man
N-glycan_a-D-Neu5Acp_E111,NE111,Neu5Ac,a,D,p,N44,6,diamond,#A54399,Neu5Ac
N-glycan_a-D-Manp_E112,NE112,Man,a,D,p,NE23,2,circle,#00A651,Man
N-glycan_b-D-GlcNAcp_E113,NE113,GlcNAc,b,D,p,NE76,2,square,#0090BC,GlcNAc
N-glycan_b-D-Galp_E114,NE114,Gal,b,D,p,N4,6,circle,#FFD400,Gal
N-glycan_b-D-Manp_E115,NE115,Man,b,D,p,N1,6,circle,#00A651,Man
N-glycan_b-D-Manp_E116,NE116,Man,b,D,p,NE16,2,circle,#00A651,Man
N-glycan_b-D-Manp_E117,NE117,Man,b,D,p,NE35,3,circle,#00A651,Man
N-glycan_b-D-Galp_E118,NE118,Gal,b,D,p,N10,3,circle,#FFD400,Gal
N-glycan_b-D-Galp_E119,NE119,Gal,b,D,p,N8,3,circle,#FFD400,Gal
N-glycan_a-D-Neu5Acp_E120,NE120,Neu5Ac,a,D,p,N28,4,diamond,#A54399,Neu5Ac
N-glycan_a-D-Neu5Acp_E121,NE121,Neu5Ac,a,D,p,N45,6,diamond,#A54399,Neu5Ac
N-glycan_a-D-Neu5Acp_E122,NE122,Neu5Ac,a,D,p,N88,3,diamond,#A54399,Neu5Ac
N-glycan_a-D-Manp_E123,NE123,Man,a,D,p,NE65,2,circle,#00A651,Man
N-glycan_a-D-Galp_E124,NE124,Gal,a,D,p,N3,4,circle,#FFD400,Gal
N-glycan_b-L-Fucp_E125,NE125,Fuc,b,L,p,NA,3,triangle,#ED1C24,Fuc
N-glycan_a-D-Manp_E126,NE126,Man,a,D,p,NE16,2,circle,#00A651,Man
N-glycan_a-D-Galp_E127,NE127,Gal,a,D,p,N32,3,circle,#FFD400,Gal
N-glycan_b-D-Galp_E128,NE128,Gal,b,D,p,N1,6,circle,#FFD400,Gal
N-glycan_a-D-Manp_E129,NE129,Man,a,D,p,NE31,2,circle,#00A651,Man
N-glycan_a-D-Manp_E130,NE130,Man,a,D,p,NE50,2,circle,#00A651,Man
N-glycan_a-D-Manp_E131,NE131,Man,a,D,p,NE2,3,circle,#00A651,Man
N-glycan_a-D-Galp_E132,NE132,Gal,a,D,p,N10,4,circle,#FFD400,Gal
N-glycan_a-L-Fucp_E133,NE133,Fuc,a,L,p,N24,2,triangle,#ED1C24,Fuc
N-glycan_a-D-Glcp_E134,NE134,Glc,a,D,p,N23,2,circle,#0090BC,Glc
N-glycan_a-D-Glcp_E135,NE135,Glc,a,D,p,N19,2,circle,#0090BC,Glc
N-glycan_b-D-GlcNAcp_E136,NE136,GlcNAc,b,D,p,N8,4,square,#0090BC,GlcNAc
N-glycan_a-D-GlcNAcp_E137,NE137,GlcNAc,a,D,p,N4,6,square,#0090BC,GlcNAc
N-glycan_a-D-Manp_E138,NE138,Man,a,D,p,N19,6,circle,#00A651,Man
N-glycan_a-D-GlcNAcp_E139,NE139,GlcNAc,a,D,p,N3,6,square,#0090BC,GlcNAc
N-glycan_b-D-GalNAcp_E140,NE140,GalNAc,b,D,p,N1,2,square,#FFD400,GalNAc
N-glycan_b-D-GlcNAcp_E141,NE141,GlcNAc,b,D,p,NC,2,square,#0090BC,GlcNAc
N-glycan_b-D-Galp_E142,NE142,Gal,b,D,p,N1,2,circle,#FFD400,Gal
N-glycan_b-D-GalNAcp_E143,NE143,GalNAc,b,D,p,N31,4,square,#FFD400,GalNAc
N-glycan_a-D-Glcp_E144,NE144,Glc,a,D,p,N25,2,circle,#0090BC,Glc
N-glycan_a-D-GlcNAcp_E145,NE145,GlcNAc,a,D,p,N20,6,square,#0090BC,GlcNAc
N-glycan_a-D-GlcNAcp_E146,NE146,GlcNAc,a,D,p,N21,6,square,#0090BC,GlcNAc
N-glycan_a-L-Fucp_E147,NE147,Fuc,a,L,p,NE136,3,triangle,#ED1C24,Fuc
N-glycan_b-D-Galp_E148,NE148,Gal,b,D,p,NE136,4,circle,#FFD400,Gal
